from_user,tweets
InternetHaiti,749
vaniibaby,612
DELKYBETTY,443
joellart,386
gandhy_370,273
marijo0021,272
Dastream,271
thehaitian,181
INGLAMB,181
Dahianita_,170
CaribFeed,164
maomusic,150
MrsBeadless,118
apolycarpe,101
richardsession,95
MilagrosGV,84
thaiszprata,83
CheoRd,73
fredodupoux,71
PortAuPrinceHT,65
mchypes,65
WesleyLaine,59
BareKnuckleDawg,50
bru_nooo,46
FallingForYa,45
titosh509,42
sheylavalentin,42
StacyDaniela,40
mikaben,39
ayitilokal,39
GustavoBre,38
troylivesay,37
Louisoxfam,36
mantohave,35
tbijou,34
lpharel,33
MrRKR,32
laura_dubya,32
georgeshenry,31
AjRuthless,31
childhopeintl,30
alannah7,30
LudCortez,29
FerreiraCarlos,29
venenodelalinea,27
Luisa2118,27
forjo1,27
BautVal,27
OliverTio,26
LDubtheBuckaroo,26
TheEaglesWings,25
jfarcand,25
AuntCatricia,23
ms_aarika,22
rickperera,21
mohhaiti,21
01ladybug,21
SincerelyStacey,20
JannyFz,20
velezcnn,19
mediahacker,19
babii_freitas,19
ViannyGL,18
s4potr,18
nossel5estrella,18
myLIFEspeaks,18
LifelineCM,18
haitianchick94,18
AlondraM22,18
teomenghow,17
mimiandersen,17
Keepin_It_Tight,17
Audio_Rydeout,16
UidX,15
simonelimaa,15
perezpablo,15
paraisolyre,15
nunez_,15
melvinleonel,15
JanetCamilo,15
FreezyYeLe,15
AC_OB_CN,15
tdandrades,14
raffygil,14
hommycampusano,14
haitianhero,14
ddhawthorne,14
radiokiskeya,13
nano404,13
mchldsr,13
Kamilogarcia,13
cristianrguez,13
amiranda,13
weezhy,12
viequesbound,12
ronerdavis,12
RicardoLUNA1,12
llacigart,12
Haitianaero,12
glainhaiti,12
szbrand,11
Peru_Pwns,11
Knaomee,11
isa97,11
donbarger,11
pierrecote,10
lauraderamon9,10
INUREDHAITI,10
FunkinMoMo,10
MerlotVine,9
Kitri1,9
AdeElmer,9
tichine,8
Mark_Turner_,8
leecohen,8
HAFProject,8
dameunkissplis,8
Chicapeligrosa2,8
Thimpolys,7
Natalija_L,7
MonicaTedde,7
mibazaar,7
MengChin,7
gheskio,7
felurob,7
Ernis0330,7
christinakr,7
YaySarahTelson,6
TravelOTC,6
rlfdpx,6
ourborder,6
nakeddiary,6
MariaFernanda_M,6
mamamedusa,6
LumiCelestial,6
luandamedrado,6
ijeanson,6
Cheefee,6
CBCReporters,6
BobTSUC,6
alaingabriel,6
adamsemtp,6
aashjethra,6
YvonneTrimble,5
The_Metamora,5
Still4Hill,5
shastadp,5
RememberHaiti,5
orlandojm,5
melytio,5
marlyboulangger,5
LynBenSebring,5
LoriHCG,5
komunikasikan,5
ifionlyhdabrain,5
frankie_f1,5
edithguay,5
edisonjoseph,5
DianalizB,5
Bichoum,5
bellzye,5
100prayingwomen,5
yoryito20,4
VascoLeal,4
TanPost,4
sukitink,4
stalin43,4
robmorrison1,4
RevDrTaylor,4
renatadsc,4
RammaDamma,4
objektopia,4
NicBraun,4
neysablay,4
moniquestoman,4
MizFurball,4
mimisallmusic,4
mfkhaiti,4
koosika,4
jeremiedetellis,4
jabelbt,4
HemmedIn,4
HaitiDisaster,4
garcon01,4
eruinc,4
DaniPages,4
CrisisCampMTL,4
ConradKnauer,4
ayeete,4
zekle,3
WorldHunger411,3
USAforHaiti,3
umadrants,3
ubikalo,3
TriumphCISO,3
stepop509,3
starslove4,3
rhumbarbancourt,3
reyesroan,3
queeni70,3
olidups,3
MirelaMonte,3
LuvsKathakDance,3
LLA2931,3
leftoverleftist,3
kyle_iwasaki,3
jose2038,3
JohnCarrette,3
haitianbasket,3
H1202,3
grims_el,3
ForHaiti,3
entrepriseurope,3
Dulce_Esmeyra03,3
dowhatyamust,3
davibr20,3
cololinks,3
cnmn,3
CherylCBonetti,3
CHATSTV,3
calinafung,3
BruceTutcher,3
Aware_US,3
Ana16Mena,3
adriam7,3
adaptivelabs,3
zabelbok,2
yareeliithaa,2
WWJD50,2
wsimq,2
TICNLIVE,2
Switchewy,2
Soleimon,2
smithalso,2
Rolly003,2
realhope4haiti,2
pvivy,2
probert06,2
pewesky,2
peggymcquay007,2
patoillanes,2
Org9,2
OpenArmsCM,2
o_lucky_me,2
nisaa,2
MSFAustralia,2
Mr_Sak_Pase,2
mrobin032009,2
MonteSparto,2
mir_b,2
mary13L,2
MarikaJeanty,2
margofranssen,2
LRTaylor_Author,2
licio3,2
ko_bby,2
Kellyskorner,2
KellyHeagleWard,2
Kag_dude,2
jonatmr,2
Iwish4peace,2
iluvblackwomen,2
iamvatoni,2
hopeforhaiti,2
HealingHerbs1,2
halleygonzalez,2
gutosouza1,2
gagneeric,2
fredericrouzier,2
fbazile,2
fabianohsouza,2
ethuin,2
EarthUSGS,2
doggysmama,2
Direct2Haiti,2
debginger,2
dajahmi,2
cyberxalva,2
cprice0129,2
CorwinJones,2
CornvAken,2
Ciclismord,2
CarolMeersch,2
CarlosMGarciaR,2
care,2
Camba360,2
Breakingnieuwz,2
bluepicture,2
aitchlala,2
yveno76,1
xr_7,1
XiNeutrino,1
willowsky,1
willowpolson,1
wiesubags,1
whitney_shae,1
VRWCTexan,1
VitorBranco,1
viktorklang,1
Vickyryanp,1
viana34,1
Variopinto,1
Vantxu,1
VanouCherie,1
vanessamadera,1
uweasher,1
ummmliz,1
tterrain,1
tizell,1
tira2206,1
T_hood13,1
thisisjameson,1
ThingsBright,1
TheSmithSistahs,1
TheHiddenRaven,1
TeamCanadaHH,1
teamblackoutReg,1
TayAmani,1
TamiH68,1
_TallahasseeFL,1
Takashiano,1
T4Tx,1
StaceyecatS,1
soyjanedoe,1
SophiaCR,1
Sonja_Jo,1
sonia_rio,1
smcampion,1
skoopcooper,1
sjerose,1
sheilasitalsing,1
shariatmadari,1
serengetisun,1
scottyru,1
SchoppertRTL,1
ScentedGarden,1
scarygrl,1
sarapouly,1
sarahcoker,1
Samyrro,1
SammyTheDentist,1
sachabaker,1
rudeboyrah,1
RTSentz,1
ROSSY587,1
rootnotemusic,1
RonyCamille,1
RocheilyMarte,1
RobinMArnold,1
rncook1,1
ribore,1
raga91,1
radlady,1
rachelbokhout,1
quingem,1
PTCartier,1
portableworld,1
polly_kemp,1
PoemTrees,1
PlanetEarthDiv,1
pixellottery,1
Pistoko_DR,1
PhoenixSkyModel,1
philhereandnow,1
pgwoofado,1
pegobry,1
PeaceHugs,1
paulaN900,1
pasoponygirl,1
paco229,1
oxfam,1
oswegochick,1
ortizmiguel,1
onewifeonly,1
omhassan7,1
_oliver_irena,1
Nutria01,1
NSFoodsMemo,1
nom_03,1
NnekaElliott,1
Nkotbwxgirl,1
newsbyte2,1
newhopehaiti,1
NewEarthquake,1
Neishababee,1
NassauBS,1
napoling,1
myfear,1
muscatineamy,1
msincognitio,1
MrsBoo2u,1
morthproject,1
mojosd,1
MistressFab,1
missmomo27,1
miss_espresso,1
Mickhodgkin,1
mfranjul,1
mercp015,1
memoriadei,1
MejidX,1
marydambrosio,1
Mandy_Dowdall,1
maloofs,1
MA2TBE2L,1
LucSerard,1
Love4HaitiCvill,1
louyblog,1
LorenzoQuerzola,1
lizamabass,1
living3368,1
lissarich,1
lisaisabelle,1
liquidditty,1
lilibook,1
lidiacamacho,1
libmaryann,1
LauraThieme,1
larissaboechat,1
LaLaLives,1
Lakay_Graphics,1
LaJacobine,1
LadyDior47,1
LadoTomicic,1
kricac,1
KOS_Boyy_ReaLz,1
KJJargon28,1
kirbyct,1
kingtitusmaximu,1
kimjack61,1
KhowOU,1
katrinawarriors,1
KatieSimpson24,1
karljeanjeune,1
KarenMagro,1
JYOOP,1
jval2009,1
juankarh,1
joybroker,1
Jose_Vasquez_,1
JorgePontual,1
jorgebm,1
Jonacis,1
joelrockemann,1
jimmycreighton,1
jennkim01,1
JeffSAR,1
JeanBonte,1
jdspop,1
jazzyfizo,1
jauntingjoy,1
Jammaco,1
jairorendon,1
jairajmatharu,1
_JacksonvilleFL,1
itsmetara,1
italiansteed,1
ipadio,1
ingramjackson,1
imperial425,1
imanisankofa,1
htrt,1
Hilarysutton,1
highlandwhite,1
HeikkiHallantie,1
heidibezanson,1
heathermingus,1
hawkgirl98,1
HashTagForHaiti,1
happytrails2U,1
haitimobile,1
HaitiBibleMssn,1
HABNET,1
gvaval,1
griseldamb,1
Greytdog,1
Gregoreuo,1
gilleslive,1
GiGiCapone,1
GeorgeBushNews,1
galacticflyer,1
gabeleadley,1
FreeRangeTalk,1
freeMurphy,1
FranceGlobal,1
foto8,1
fluffyhoneybee,1
Finch93,1
fcummings,1
fannyroy,1
Eusebio52,1
EstherOwens,1
e_Mom,1
elvisdisla,1
Elfiem,1
ElectofYah,1
elavalliere,1
elamar,1
EgOmolina,1
edpritch,1
ecoflo,1
eatlaughlive,1
earthshook,1
dryrooster,1
DrKatyBeth,1
DraPatch,1
dramaqueene,1
douglaspaul,1
douglas_kaplan,1
_doug_doug,1
DonaBogart,1
Dirk_Landau,1
dilesmy,1
diana_true,1
DG9BEB,1
detaildevils,1
derekspalla,1
DenisEvents,1
dee121212,1
DavidVilchez,1
DanielOMiller,1
crlorchid10,1
CoolRaven,1
Citriko,1
cherrireddick,1
Chapeltalk,1
chantaljura,1
CF_20,1
cemalozunalan,1
CecileMarre,1
cchangeDc,1
Catballou,1
castillodaiana,1
Cassarah_,1
Carol_Waters,1
CapoDaBoss,1
caotr,1
Brownloather,1
BrendaFarrell,1
BP_TOW,1
BonnieBakes,1
boniru,1
blushbaybee,1
BlueEmperor,1
blkbird77,1
BlessChildHaiti,1
berniie9,1
bemusedmuse,1
belishore,1
beccalexis,1
BbOyJo3,1
Barefooties,1
barbaraslavin,1
awesomealex21,1
astridhenderson,1
Assorossi,1
ASSIYYA,1
asoutherngirl,1
aquarian_lady,1
aqlili,1
aprilucox,1
annir91,1
annabeliux,1
anitasantiago,1
angsuman,1
Angel4Autism,1
andrejverity,1
Amore_Mi0,1
AMCAC09,1
allenypfong,1
alismama,1
Alema84,1
Akula88,1
AdoReSanKofa,1
ada85,1
acartoffood,1
916Maverick,1
6c4,1
411initiative,1
TOTAL,7500
